Question,Answer
question,answer
was abraham lincoln the sixteenth president of the united states,yes
did lincoln sign the national banking act of 1863,yes
did his mother die of pneumonia,no
how many long was lincolns formal education,18 months
when did lincoln begin his political career,1832
what did the legal tender act of 1862 establish,the united states note the first paper currency in united states history
who suggested lincoln grow a beard,11yearold grace bedell
who suggested lincoln grow a beard,grace bedell
when did the gettysburg address argue that america was born,1776
did lincoln beat john c breckinridge in the 1860 election,yes
was abraham lincoln the first president of the united states,no
did lincoln start his political career in 1832,yes
did lincoln ever represent alton  sangamon railroad,yes
which county was lincoln born in,hardin county
which county was lincoln born in,southeast hardin county kentucky
when did lincoln first serve as president,march 4 1861
who assassinated lincoln,john wilkes booth
did lincoln win the election of 1860,yes
who was the general in charge at the battle of antietam,general mcclellan
who was the general in charge at the battle of antietam,john alexander mcclernand
why did lincoln issue the emancipation proclamation,to free slaves
why did lincoln issue the emancipation proclamation,the goal was to weaken the rebellion which was led and controlled by slave owners
do scholars rank lincoln among the top three presidents,yes
did lincoln have 18 months of schooling,yes
was lincoln chosen as a presidential candidate in 1860,yes
how old was lincoln in 1816,seven
when was the first photgraph of lincoln taken,1846
how long was lincolns legal career,23 years
what trail did lincoln use a farmers almanac in,he defended william duff armstrong
did abraham lincoln live in the frontier,yes
did lincolns wifes family support slavery,yes
who is most noted for his contributions to the theory of molarity and molecular weight,amedeo avogadro
who graduated in ecclesiastical law at the early age of 20 and began to practice,amedeo avogadro
who graduated in ecclesiastical law at the early age of 20 and began to practice,blah
when did he publish another memoria,1821
when did he become a professor,1820
is it true that he became a professor in 1820,yes
was lorenzo romano amedeo carlo avogadro an italian savant,yes
was amedeo avogadro born in turin august 9th 1776 to a noble ancient family of piedmont italy,yes
is he most noted for his contributions to the theory of molarity and molecular weight,yes
was king victor emmanuel iii there to pay homage to avogadro,yes
is avogadro s number commonly used to compute the results of chemical reactions,yes
did the scientific community not reserve great attention to his theory,yes
can the title of this famous 1811 paper be roughly translated into english,yes
what happened in 1833,avogadro had been recalled to turin university
what happened in 1833,blah blah blah
who determined the dependence of the boiling of water with atmospheric pressure,anders celsius
what is named after him,the celsius crater on the moon
when did he publish a collection,1733
is it true that he published a collection in 1738,no
is it true that thermometer had 100 for the freezing point,yes
was celsius born in uppsala in sweden,yes
was anders celsius november 27 1701 april 25 1744 a swedish astronomer,yes
is the celsius crater on the moon named after him,yes
who was the first to perform and publish careful experiments aiming at the definition of an international temperature scale on scientific grounds,anders celsius
the celsius crater on the moon is what,named after him
had his thermometer 100 for the freezing point of water and 0 for the boiling point,yes it had
did he not determine the dependence of the boiling of water with atmospheric pressure lrb in excellent agreement with modern data rrb,yes he did
what happened from 1730 to 1744,he was professor of astronomy at uppsala university
what happened in 1745,the scale was reversed
are beetles insects,yes
can beetles be found in polar regions,no
do beetles antennae function primarily as organs of smell,yes
what are the three sections of a beetle,the head the thorax and the abdomen
which defense mechanism uses colour or shape to deceive potential enemies,mimicry
which type of beetle is a pest of potato plants,colorado potato beetle
how can beetle larvae be differentiated from other insect larvae,their hardened often darkened head the presence of chewing mouthparts and spiracles along the sides of the body
how can beetle larvae be differentiated from other insect larvae,by their hardened often darkened head the presence of chewing mouthparts and spiracles along the sides of the body
what do beetles eat,some are generalists eating both plants and animals other beetles are highly specialised in their diet
what do beetles eat,they often feed on plants and fungi break down animal and plant debris and eat other invertebrates
what are the similarities between beetles and grasshoppers,mouthparts
what are the similarities between beetles and grasshoppers,beetles have mouthparts similar to those of grasshoppers
are certain species of beetles considered pests,yes
is a beetles general anatomy uniform,yes
are beetles endopterygotes,yes
how many species of beetles are there,350000
how many species of beetles are there,about 350000
when are sperm cells transferred to the female,during pairing
what is the study of beetles called,coleopterology
is it possible that there are more than 350000 species of beetles,yes
is the adephaga suborder larger than the polyphaga suborder,no
is the adephaga suborder larger than the polyphaga suborder,yes
do carrion beetles eat dung,no
what are prey of various animals including birds and mammals,beetles
what was given by aristotle for the hardened shield like forewings,the name coleoptera
who or what vary greatly in form within the coleoptera,antennae
are many beetles territorial,yes
are beetles endopterygotes with complete metamorphosis,yes
oxygen is what,one kind of gas obtained via a tracheal system
is there a thriving industry in the collection of beetle specimens for amateur and professional collectors,yes
have coleopterists formed organisations to facilitate the study of beetles,yes
is the study of beetles called coleopterology  and its practitioners are coleopterists,yes
may a single female lay from several dozen to several thousand eggs during her lifetime,yes
can beetles be found in almost all habitats,yes
what happened on plants and fungi,they are food to beetles
was calvin coolidge the twentyninth vice president,no
was calvin coolidge the twentyninth vice president,yes
was calvin coolidge born in plymouth windsor county vermont,yes
did coolidge graduate from black river academy,yes
when did he drop john from his name,upon graduating from college
when did coolidge meet and marry grace anna goodhue,1905
when did coolidge meet and marry grace anna goodhue,in 1905
what period of rapid economic growth did the united states experience during coolidges presidency,the roaring twenties
what did coolidge do after graduating from amherst,coolidge moved to northampton massachus08setts
what did coolidge do after graduating from amherst,coolidge moved to northampton massachus08setts to take up the practice of law
of what state was coolidge governor,massachus08setts
who appointed harlan fiske stone to the supreme court,coolidge
was coolidge the thirteenth president of the united states,no
was coolidge the thirteenth president of the united states,yes
was calvin coolidge republican,yes
was calvin coolidge a governor of massachus08setts,yes
when was coolidge born,july 4 1872
when was coolidge born,plymouth windsor county vermont
where did coolidges grandfather had government offices,plymouth
where did coolidges grandfather had government offices,the town of plymouth notch
which state were coolidge born in,plymouth windsor county vermont
which state were coolidge born in,vermont
is calvin jr older than john coolidge,no
did coolidge get in amherst college,yes
what caused calvin jrs death,heart attack
was john calvin coolidge jr was born in las vegas,no
was coolidge opposed in the republican nomination for governor of massachus08setts in 1918,yes
was coolidge opposed in the republican nomination for governor of massachus08setts in 1918,no
did coolidge meet and marry grace anna goodhue,yes
what year did coolidge open his own law office,1898
what fraternity was coolidge a member of,phi gamma delta
in 1905 coolidge met and married whom,grace anna goodhue
why did coolidge not attend law school,it was too expensive
why did coolidge not attend law school,cost
have there been other us presidents that have visited cuba,no
what years were coolidges two sons born in,1906 and 1908
did france cede nearly all of its colonies in europe in 1763,yes
is canada a member of the oecd,yes
is canadas official language zulu,no
what is one significant nonofficial language,chinese
in addition to port royal where else did samuel de champlain establish a s08settlement,quebec city
what was the consitution act formerly called,the british north america act
what was the consitution act formerly called,british north america act
which countries established colonies in canada,france and britain
which countries established colonies in canada,fance and britain
how has canada helped un peacekeeping efforts,during the suez crisis of 1956 lester b pearson eased tensions by proposing the inception of the united nations peacekeeping force canada has since served in 50 peacekeeping missions including every un peacekeeping effort until 1989
how has canada helped un peacekeeping efforts,canada has played a leading role in un peacekeeping efforts during the suez crisis of 1956 lester b pearson eased tensions by proposing the inception of the united nations peacekeeping force canada has since served in 50 peacekeeping missions including every un peacekeeping effort until 1989
what percentage of the population dont speak english or french at home,28
what percentage of the population dont speak english or french at home,15
is canada bilingual,yes
is canada bilingual,yes it is
did canadian soldiers win the battle of vimy ridge in 1917,yes
did canadian soldiers win the battle of vimy ridge in 1917,no it did not
is an official language of canada german,no
is an official language of canada german,no it is not
how many provinces and territories does canada have,a federation now comprising ten provinces and three territories
how many provinces and territories does canada have,ten provinces and three territories
what is canadas national unemployment rate,while as of october 2007 canadas national unemployment rate of 59 is its lowest in 33 years provincial unemployment rates vary from a low of 36 in alberta to a high of 146 in newfoundland and labrador
what is canadas national unemployment rate,in october 2007 canadas national unemployment rate is 59
where is the most densely populated part of canada,the most densely populated part of the country is the quebec citywindsor corridor along the great lakes and saint lawrence river in the southeast
what is the largest country in the world,canada is the second largest country in the world after russia and largest on the continent
what is the largest country in the world,russia
what is the largest religious group in canada,according to 2001 census 771 of canadians identified as being christians of this catholics make up the largest group 436 of canadians the largest protestant denomination is the united church of canada about 165 of canadians declare no religious affiliation and the remaining 63 were affiliated with religions other than christianity of which the largest is islam numbering 19 followed by judaism 11
what is the largest religious group in canada,christian
when did canada have one of the largest armed forces in the world,1944
when did canada have one of the largest armed forces in the world,world war ii
what have been inhabited for millennia by aboriginal peoples,the lands
european books and maps began referring to this region as canada in what year,1545
what was canadas most important industry until the 1800s,the fur trade
is it true that it angered many residents of the thirteen colonies,yes
how do cuba and declining participation relate,canada maintains full relations with both
is it true that provinces have a large degree of autonomy,yes
what did canada adopt in 1965,the maple leaf flag
what arrived in britain,the first canadian army units in ww ii
are canada s two official languages english and french,yes
are canada s official national sports ice hockey  winter  and lacrosse  summer,yes
is canada a geographically vast and ethnically diverse country,yes
did mainland nova scotia not come under british rule with the treaty of utrecht,no
did cartier not use the word  canada  to refer to not only that village  but the entire area subject to donnacona  chief at stadacona,yes
did continental european immigrants not s08settle the prairies,no
is it the world s second largest country by total area,yes
what happened in 1867,canada was formed as a federal semiautonomous polity
are ducks in the arctic northern hemisphere migratory,some are
are ducks in the arctic northern hemisphere migratory,yes
is a drake a male,yes
do all ducks quack,no
what is the name of a specialized species of duck adapted to catch large fish,the smew
what animal attracts the most humor and silliness,the duck
what is an economic use of a duck,meat
what is an economic use of a duck,being farmed for their meat
who is daffy duck,a silly cartoon character
what makes it more difficult for a diving duck to fly,they are heavier
what are the reasons for hunting wild ducks,meat eggs and feathers
do ducks forage underwater,yes
do ducks forage underwater,diving ducks and sea ducks forage underwater
is foie gras often made from ducks,yes
what economic uses to ducks have,they are farmed for their meat eggs and feathers they are also kept and bred by aviculturists and often displayed in zoos
what economic uses to ducks have,they can be farmed for meat eggs and feathers
what kind of ducks feed on land,dabbling ducks
what kind of ducks feed on land,dabbling ducks feed on land
what unrelated water birds are ducks sometimes confused with,loons or divers grebes gallinules and coots
what does the word duck mean,it is the common name for a number of species in the anatidae family of birds
what does the word duck mean,to bend down low as if to get under something
what are some common predators of ducks,pike crocodilians herons hawks and eagles
what are some common predators of ducks,pike crocodilians and other aquatic hunters
how does a mallards tongue work,its tongue is a flat plate and on the tongues back end is a short liftable flap with about 18 short spikes for pushing struggling prey and other food down its throat
how does a mallards tongue work,it uses short spikes to push struggling prey and other food down its throat
are diving ducks heavier tha dabbling ducks,yes
are adult ducks fast fliers,yes
are ducks an accepted presence in some populated areas,yes
what types of unrelated water birds with similar forms are ducks sometimes confused with,loons or divers grebes gallinules and coots
why are ducklings particularly vulnerable,their inability to fly
why are ducklings particularly vulnerable,their inability to fly makes them easy prey
what are some economic uses for duck,meateggsfeathers
what are some economic uses for duck,being farmed for their meat eggs feathers particularly their down
what allows a duck to filter water out of the side of their beaks and keep food inside,tiny rows of plates called lamellae
what allows a duck to filter water out of the side of their beaks and keep food inside,tiny rows of plates called lamellae like a whales baleen
what expression is part of a conceptual framework for testing computer systems,quacks like a duck
where did the expression a sitting duck come from,in many areas wild duckof various species including ducks farmed and released into the wild are hunted for food or sport by shooting or formerly by decoys
where did the expression a sitting duck come from,in many areas wild ducks of various species including ducks farmed and released into the wild are hunted for food or sport by shooting or formerly by decoys
is egypt bordered by the gaza strip,yes
is egypt the most populated country in africa,no
does egypt have political influence in the middle east,yes
when was the six day war,1967
what religions has egypt outlawed,all but christianity islam and judaism
what religions has egypt outlawed,all religions and belief except islam christianity and judaism
what is the poulation of egypt,more than 78 million
what is the poulation of egypt,78 million people
why does most of egypts population live near the nile,the only arable agricultural land is found there
are there a large number of jews living in egypt today,no
during what period was akhenaten a pharaoh,the new kingdom c155087221070 bc
during what period was akhenaten a pharaoh,the new kingdom
is egypt in asia,no
does egypt receive the least rainfall in the world,yes
does egypts foreign policy operates along moderate lines,yes
since when has egypt been a republic,june 18 1953
when were the great sphinx and the pyramids of giza built,during the old kingdom
what countries border egypt,libya sudan the gaza strip and israel
what is the estimated population of egypt,more than 78 million
what is the estimated population of egypt,78 million
does snow fall in egypt,yes
when did organized agriculture appear in the nile valley,6000 bc
when did organized agriculture appear in the nile valley,about 6000 bc
are elephants the largest land animals alive today,yes
can an elephant kill a rhinoceros,yes
are elephants good swimmers,yes
how many living species of african elephants are there,2
how many living species of african elephants are there,the african elephant genus contains two or arguably three living species
how long may elephants live,70 years
how long may elephants live,as long as 70 years sometimes longer
why does the phrase elephants never forget have no metaphorical meaning,it refers literally to elephants supposedly having an excellent memory
why does the phrase elephants never forget have no metaphorical meaning,because it refers literally to elephants supposedly having an excellent memory
how many living species of asian elephants are there,1
how many living species of asian elephants are there,one
how much do elephants weight at birth,120 kilograms
how much do elephants weight at birth,at birth it is common for an elephant calf to weigh 120 kilograms 265 lb
what did aristotle say about elephants,the beast which pass08seth all others in wit and mind
what did aristotle say about elephants,aristotle once said the elephant was the beast which pass08seth all others in wit and mind
are elephant populations in west africa generally small and fragmented,yes
is the asian elephant larger than the african,no
is the asian elephant larger than the african,sometimes
is an elephants skin tough,yes
how do elephants communicate over long distances,by producing and receiving low frequency sound
how do elephants communicate over long distances,by producing and receiving lowfrequency sound infrasound
when do african elephants lie down,when they are sick or wounded
how long is the elephants gestation period,22 months
how many species of african elephants have been proposed,three
what are the elephants ears important for,temperature regulation
what land animal has the largest brain,elephant
what land animal has the largest brain,the elephant
are elephants mammals,yes
have elephants been used as working animals,yes
do they prefer forested areas,yes
what is the world population of asian elephants,60000
what is the world population of asian elephants,the world population of asian elephants – also called indian elephants or elephas maximus – is estimated to be around 60000
what part of an elephant is very important for temperature regulation,ears
what part of an elephant is very important for temperature regulation,the large flapping ears of an elephant are also very important for temperature regulation
where was the largest elephant ever recorded shot,angola
where was the largest elephant ever recorded shot,the largest elephant ever recorded was shot in angola in 1956
is an asian elephant smaller than an african elephant,yes
what land animal is larger than an elephant,none
what land animal is larger than an elephant,none the elephant is the largest land animal
has tusklessness become a rare abnormality,no
has tusklessness become a rare abnormality,no tusklessness has become a widespread hereditary trait
were the treaties signed in 1947 and 1948 with the ukraine,no
is finnish a member of the balticfinnic subgroup of the uralic languages,yes
is the most read newspaper in finland taloussanomat,no
which russian army general conquered finland in 1809,alexander i
what is the life expectancy for men in finland,75 years
in what year were the games of the xv olympiad held,1952
what body of water lies to the south of finland,the gulf of finland
what body of water lies to the south of finland,archipelago sea
name an animal that is growing in number due to recent conservation efforts,golden eagle brown bear or eurasian lynx change imperative to interrogative
name an animal that is growing in number due to recent conservation efforts,golden eagle
today are there more cell phone subscriptions than people in finland,yes
is matti vanhanen the prime minister of finland,yes
is the capital city oslo,no
does it have a border with norway,yes
what is the life expectancy for men,75 years
what is the biggest city in finland,greater helsinki
what is the biggest city in finland,the cities of the greater helsinki metropolitan area
who is the most popular rock group in finland,cmx
what is finlands economy like,a highly industrialised freemarket economy
where is finland located,northern europe
what is the weather like in summer,relatively warm
does salmon remain the favorite of fly rod enthusiasts,yes
are there cathedrals scattered all across finland,yes
according to readers digest is finland best for living,yes
when did the first verifiable written documents appear,twelfth century
when did the first verifiable written documents appear,the first verifiable written documents appeared in the twelfth century
what is the capital city,helsinki
what is the capital city,the capital city is helsinki
what is the most extensively celebrated holiday,christmas
what is the most extensively celebrated holiday,christmas is the most extensively celebrated holiday
does a large proportion of the population speak swedish as its mother tongue,no
do women live longer than men,yes
what is a country with which finland is involved in an international conflict,none
what is a country with which finland is involved in an international conflict,finland is not involved in international conflicts or border disputes
was ford a member of the house of representatives,yes
for how long was ford a member of the house of representatives,over eight years
for how long was ford a member of the house of representatives,ford served for over eight years as the republican minority leader of the united states house of representatives
was gerald ford a member of delta kappa epsilon,yes
did ford get an award called congressmans congressman,yes
did ford get an award called congressmans congressman,no
did ford attend the university of michigan,yes
what positions ford played in the school football team,center and linebacker
what positions ford played in the school football team,captain
what did ford say about his biological father,he was abusive and had a history of hitting his mother
what did ford say about his biological father,his biological father was abusive and had a history of hitting his mother
who did ford nominate for vice president,bob dole
who did ford nominate for vice president,nelson rockefeller
was ford active about vietnamese affairs,no
hard,hard
was ford active about vietnamese affairs,yes
had fords wife married before,yes
had fords wife married before,no
is ford related with the assassination of john f kennedy,yes
was gerald ford the 38th president of the united states,yes
did gerald ford serve as the republican minority leader of the house of representatives,yes
was ford an eagle scout,yes
what district was ford elected from,michigans 5th congressional district
how many eagle scouts were involved in fords funeral procession,400
how many eagle scouts were involved in fords funeral procession,about 400
which future heisman trophy winner did ford tackle,jay berwanger
has another us president been an eagle scout,no
did ford need to do extra work to pay for college,yes
have more than five presidents lived past the age of 90,no
how do kwajalein and eniwetok relate,the monterey supported landings at both locations
what did ford receive on april 13 1942,ford received a commission as ensign in the us naval reserve
was ford released from the hospital,yes
was ford interred at his presidential museum in grand rapids michigan,yes
is ford one of only four former presidents to live to 90 or more years of age,yes
was ford the last surviving member of the warren commission,yes
did grand rapids supporters not urge him to take on bartel j jonkman  the incumbent republican congressman,no
did they not claim ford s pardon was quid pro quo in exchange for nixon s resignation,they did claim fords pardon was quid pro quo
does ghana have twice the per capita output of the poorer countries in west africa,yes
is english ghanas official language,yes
did the dutch build the elmina castle,no
when did ghana achieve independence from the united kingdom,1957
how many regions is ghana divided into,10
who is the head of state of ghana,president john agyekum kofuor
who is the head of state of ghana,john agyekum kufuor
what is the dominant religion in ghana,christian
what are the two subfamilies of the native ghanaian languages,kwa and gur
what is the weather like at lake volta,warm and comparatively dry
is ghana in asia,no
is english the official language,yes
is ghanas head of state john agyekum kufuor,yes
what does the word ghana mean,warrior king
who was kwame nkrumah,founder and first president
who was kwame nkrumah,founder and first president of the modern ghanaian state
where is old ghana in relation to present ghana,500 miles north
where is old ghana in relation to present ghana,500 miles north of the present ghana and occupied the area between rivers senegal and niger
who makes up ghanas parliament,the new patriotic party and national democratic congress
what european countries established states in ghana,the uk
what european countries established states in ghana,portugual france britain netherlands
does the gray wolf share an ancestry with the domestic dog,yes
do wolf pups tend to have darker fur than adults,yes
do wolf pups tend to have darker fur than adults,yes they do tend to have darker furs
do wolves leave their pack,yes
do wolves leave their pack,they leave their birth pack when they reach sexual maturity
what kinds of coats do wolves have,bulky coats with two layers
what kinds of coats do wolves have,tough guard hairs that repel water and dirt and a dense waterresistant layer
where do wolves have scent glands,helping the woldf to effectively navigate over large expanses while concurrently keeping others informed of its whereabouts
where do wolves have scent glands,between a wolfs toes
how much do wolves weigh,typically varies between 32 and 62 kilograms
how much do wolves weigh,between 32 and 68 kilograms
why do wolves howl,howling helps pack members keep in touch allowing them to communicate effectively in thickly forested areas or over great distances howling also helps to call pack members to a specific location howling can also serve as a declaration of territory as shown in a dominant wolfaposs tendency to respond to a human imitation of a rival wolf in an area the wolf considers its own
why do wolves howl,to pack members keep in touch allowing them to communicate effectively in thickly forested areas or over great distances
what is surplus killing,surplus killing is defined as the killing of several prey animals too numerous to eat at one sitting
what is surplus killing,the killing of several prey animals too numerous to eat at one sitting
are gray wolves native to north america,yes
are gray wolves native to north america,no current theory suggests that its from eurasia
is the gray wolf a mammal,yes
are a wolfs teeth its main weapons,yes
are wolves built for stamina,yes
where is the largest gray wolf population thought to be found,kazakhstan
to what genus does the gray wolf belong,canis
when do wolves molt,late spring or early summer
why is it beneficial for alpha males and females to forcefully prevent other wolves from mating,a pack can only suppport one littler per year
why is it beneficial for alpha males and females to forcefully prevent other wolves from mating,the pack tension rises as each mature wolf feels urged to mate
what type of tools do biologists use to capture wolves for tagging,darting and foot hold traps
forward erect ears and slightly bristle hackles are a sign of what in wolves,dominance
was grover cleveland born in new york,no
did grover cleveland win the 1884 election,yes
did grover cleveland support womens suffrage,no
where was grover cleveland married,in the white house
where was grover cleveland married,in the blue room in the white house
what did cleveland die from,a heart attack
how many years after cleveland left office did the us win the spanishamerican war,one year
how many years after cleveland left office did the us win the spanishamerican war,one
what did clevelands opponents say in 1884 to counter his innocent image,that he had fathered an illegitimate child
what did clevelands opponents say in 1884 to counter his innocent image,that he had fathered an illegitimate child while he was a lawyer in buffalo
who did cleveland run against in 1884,former senator james g blaine of maine
who did cleveland run against in 1884,james g blaine
why did cleveland want to hide his cancer surgery from the public,to avoid further market panic
why did cleveland want to hide his cancer surgery from the public,because of the financial depression of the country
was grover cleveland the twentyseventh president of the united states,no
is grover cleveland honest,yes
was grover cleveland married in the whitehouse,yes
when was he elected sheriff of erire county new york,yes
when was he elected sheriff of erire county new york,1870
when did he die,june 24 1908
when did he die,1908
which election did grover cleveland win,1884 and 1892 presidential elections
who were grover clevelands parents,cleveland was born in caldwell new jersey to the reverend richard cleveland and anne neal
who were grover clevelands parents,reverend richard cleveland and anne neal
how many children did grover cleveland have,5
how many children did grover cleveland have,six
who lost control of his party to the agrarians and silverites in 1896,grover cleveland
is it true that he sent in federal troops to chicago,yes
was cleveland born in caldwell new jersey to the reverend richard cleveland and anne neal,yes
was grover cleveland elected sheriff of erie county new york,yes
was cleveland s portrait on the us  1000 bill from 1928 to 1946,yes
is he buried in the princeton cemetery of the nassau presbyterian church,yes
did the department of the interior not charge that the rights of way for this land must be returned to the public because the railroads failed to extend their lines according to agreements,yes
did the team  sedating cleveland with nitrous oxide lrb laughing gas rrb  not remove his upper left jaw and portions of his hard palate,yes
he became chief engineer in the department of bridges and highways in what year,in 1894
what led becquerel to investigate the spontaneous emission of nuclear radiation,phographic plates being fully exposed
is it true that he married louise désirée lorieux in 1890,yes
is it true that he shared the nobel prize in physics,yes
when did he marry louise désirée lorieux,1890
was becquerel elected permanent secretary of the académie des sciences,yes
was becquerel born in paris into a family which including he and his son jean produced four generations of scientists,yes
who won the 1903 nobel prize in physics for discovering radioactivity,henri becquerel
did he not die at the age of 55 in le croisic,yes he died at the age of 55
did one places between the phosphorescent substance and the paper a piece of money or a metal screen not pierce with a cutout design,yes
what happened in 1896,becquerel accidentally discovered radioactivity
what happened with a bromide emulsion in two sheets of very thick black paper,the plate does not become clouded upon being exposed to the sun for a day
is there a becquerel crater on the moon and a becquerel crater on mars,yes
are the javanese the largest and politically dominant ethnic group in indonesia,yes
is indonesia a monarchy with a presidential system,no
did the japanese invasion and subsequent occupation during wwii end dutch rule,yes
in what year did east timor secede from indonesia,1999
when did islam become the dominant religion in java and sumatra,the end of the 16th century
when did islam become the dominant religion in java and sumatra,by the end of the 16th century
does indonesia have the worlds hightest level of biodiversity,no
was indonesia named after it became an independent country,no
why did indonesia break off relations with the peoples republic of china,because of anticommunist purges early in the suharto era
why did indonesia break off relations with the peoples republic of china,anticommunist purges early in the suharto era
which spice originally attracted europeans to indonesia,nutmeg cloves or cubeb pepper
which spice originally attracted europeans to indonesia,nutmeg cloves and cubeb pepper
what is jakarta,indonesias special capital region
what shares land borders with papua new guinea east timor and malaysia,indonesia
what are the largest and politically dominant ethnic group,the javanese
what happens when the srivijaya kingdom formed trade links,the indonesian archipelago became an important trade region
is it true that indonesia has vast areas of wilderness,yes
is indonesia a republic,yes
are sports in indonesia generally maleorientated,yes
is indonesia the worlds largest archipelagic state,yes
are sports in indonesia generally maleorientated and spectator sports are often associated with illegal gambling,yes
is pencak silat an indonesian martial art,yes
has indonesia the world s largest muslim population,yes
who has its own political legislature and governor,each province
is it the world s largest archipelagic state,yes
is it the world s fourth most populous country and the most populous muslimmajority nation,yes
is james monrow the fifth president of us,yes
what is the first word on the page,james
what is the first word on the page,jamesmonroe
what is the first number on the page,28
when did monroes presidency expired,march 4 1825
what is monroes fathers name,spence
what is monroes fathers name,spence monroe
what is monroes daughters name,maria hester monroe gouverneur
what does era of good feelings refers to,reduced tension
what does era of good feelings refers to,monroe allowed his political base to decay which reduced tensions and led to the naming of his era as the era of good feelings
did monroe wedding happen at the trinity church in new york,yes
what is monroe doctrine,a doctrine declaring us opposition to european interference in the americas
what is monroe doctrine,in it monroe proclaimed the americas should be free from future european colonization and free from european interference in sovereign countries affairs it further stated the united states intention to stay neutral in european wars and wars between european powers and their colonies but to consider any new colonies or interference with independent countries in the americas as hostile acts toward the united states
was james monroe president of the united states,yes
did james monroe attend the college of william and mary,yes
did james monroe fight in the continental army,yes
where was james monroe born,westmoreland county virginia
where was james monroe shot,at the battle of trenton in his left shoulder
where was james monroe shot,the battle of trenton
who did james monroe marry,elizabeth kortright
what did james monroe do before being elected governor,he practiced law in virginia
what did james monroe do before being elected governor,he practiced law
in which years were john monroe elected as president,18171825
who was john monroe standing behind in the painting of  washington crossing the delaware,george washington
when was james monroe appointed to secretary of war,1814
when did james monroe die,july 4 1831
when did james monroe graduate from william and mary,1776
when was james monroe elected president,monroe was elected president in the election of 1816 and reelected in 1820
which property did james monroe sell in 1817,monroe hill on the grounds of the university of virginia
when did james monroe introduce the monroe doctrine,december 2 1823
who did james monroe live with in new york city,his daughter maria hester monroe gouverneur
what did james monroes letters not contain,no letters survive in which he might have discussed his religious beliefs
what was the result of the rejection of the jay treaty,as a result the two nations moved closer toward the war of 1812
who is depicted holding the flag in the famous painting of washington crossing the delaware,monroe
what dwindled and eventually died out starting with the hartford convention,the federalist party
is it true that he practiced law in fredericksburg,yes
what did james monroe make in 1817,two long tours
was monroe anticlerical,no
was monroe appointed minister to france from 1794 to 1796,yes
what expired on march,monroes presidency
had monroe racked up many debts during his years of public life,yes
who dismantled partisan and sectional coalitions,many congressmen
what happened in 1811,monroe returned to the virginia house of delegates and was elected to another term as governor of virginia
what happened in the election of 1816,monroe was elected president
who died in childbirth in 1772,margaret miller
who died in 1832,margaret miller
is watt commemorated by statuary in george square glasgow and princes street edinburgh,yes
was watt a gentleman greatly respected by other prominent men of the industrial revolution,yes
was watt a fellow of the royal society of edinburgh and the royal society of london,yes
four years after opening his shop  watt began what,watt began to experiment with steam after his friend professor john robison called his attention to it
was watt ranked 22nd in michael h hart s list of the most influential figures in history,yes
did john adams represent the continental congress in europe,yes
was adams raised congregationalist,yes
was adams an opponent of the stamp act,yes
when did adams graduate from college,1755
who was on the committee with adams to draft  a declaration of independence,thomas jefferson benjamin franklin robert r livingston and roger sherman
what did jefferson call john adams,the colossus of independence
what did jefferson call john adams,colossus of independence
what was adams political party,the federalist party
what was adams political party,federalist
was adams the first to introduce a bicameral legislature,yes
did john adams get along with alexander hamilton,no
did john adams go to harvard,yes
did john adams support the stamp act of 1765,no
is adams birthplace part of a national park,yes
when did john adams serve as vice president,17891797
with what party did adams run for presidency,the federalist party
where is adams buried,united first parish church
who were the midnight judges,they were a series of judges so called because most of them were formally appointed days before adams presidential term expired
who were the midnight judges,they were judges formally appointed days before adams term expired
in what ways was adams opposed by anderw hamilton,hamilton wanted to control the army differently than adams
what information did he record in his diary,descriptions of events and ompressions of men
what information did he record in his diary,he wrote descriptions of events and impressions of men
who was defeated for reelection in the revolution of 1800 by thomas jefferson,john adams
who represented the continental congress in europe,john adams
what is now part of adams national historical park,john adams birthplace
is it true that adams had spent some time as the ambassador,yes
is it true that massachus08setts sent him in 1774,yes
who did massachus08setts send in 1774,john adams
are his last words often quoted as  thomas jefferson survives,yes
the john adams library  housed at the boston public library  contains what,adamss personal collection of more than 3500 volumes
adams  opponents were what,democratic republicans
did the election of 1800 not become a bitter and volatile battle  with each side expressing extraordinary fear of the other party and its policies,no
what happened in 1764,adams married abigail smith
is a kangaroo a reptile,no
is a kangaroo on the australian coat of arms,yes
was james cook the first to record the name kangooroo,yes
what is a collective noun for kangaroos,mob troop or court
where do joeys complete postnatal development,marsupium
where do joeys complete postnatal development,a pouch called a marsupium
what do kangaroos use for crawlwalking,its hind feet
what do kangaroos use for crawlwalking,their hind feet and their tails
why do kangaroos have a wide bite,the two sides of the lower jaw are not joined together and the lower incisors are farther apart
why do kangaroos have a wide bite,because of grazing
what is responsible for converting the hydrogen byproduct of fermentation into acetate,bacteria
what is responsible for converting the hydrogen byproduct of fermentation into acetate,the digestive system of a kangaroo
are wild kangaroos shot for meat,yes
have kangaroos fared well since european s08settlement,yes
do kangaroos have many natural predators,no
what is the average life expectancy of a kangaroo,46 years
what is the average life expectancy of a kangaroo,about 46 years
when did the first official report of kangaroo blindness take place,1994
what are vehicles that frequent isolated roads often fitted with,roo bars
do kangaroos eat plants,yes
what are some extinct predators of the kangaroo,thylacine marsupial lion maagalania and wonambi
what are some extinct predators of the kangaroo,the thylacine
is a kangaroo a marsupial,yes
is the kangaroo an herbivour,yes
are kangaroos shy,yes
what method of locomotion do kangaroos use,hopping
what is the average life expectancy of a kangaroo,4 to 6 years
what is a collective noun for a kangaroo,a mob troop or court
what is a roo,a kangaroo
what is used to protect a vehicale from a kangaroo,roo bars
what method is used by kangaroos to travel,hopping
who asked a nearby local what the creatures were called,captain james cook and naturalist sir joseph banks
what are four species that are commonly referred to as kangaroos,the red kangaroo the eastern grey kangaroo the western grey kangaroo and the antilopine kangaroo
are kangaroos and wallabies adept swimmers,yes
are kangaroos farmed to any extent,no
who also discovered that less than three percent of kangaroos exposed to the virus developed blindness,veterinarians
different species of kangaroos eat what,different diets
have kangaroos dazzled by headlights or startled by engine noise been known to leap in front of cars,yes
is a collision with a vehicle capable of killing a kangaroo,yes
was the game of marn grook played using a ball made from kangaroo by the kurnai people,yes
have kangaroos large  powerful hind legs  large feet adapted for leaping  a long muscular tail for balance  and a small head,yes
is a kangaroo a marsupial from the family macropodidae lrb macropods  meaning   large foot   rrb,yes
what kinds of changes have larger kangaroos adapted much better to,changes wrought to the australian landscape by humans
have larger kangaroos adapted much better to changes,yes
is the leopard smaller than the other members of panthera,yes
is a leopard larger and less lanky than a cheetah,yes
are large pythons potential prey for leopards,yes
what may a leopard be mistaken for,a cheetah or a jaguar
what is a hybrid animal resulting from a union between a leopard and a puma,a pumapard
where do leopards often hide their kills,in dense vegetation
where do leopards often hide their kills,in dense vegetation or in trees
how did early naturalists distinguish between leopards and panthers,by the length of their tails
how did early naturalists distinguish between leopards and panthers,by the length of the tail panthers having longer tails than leopards
what are dark leopards known as colloquially,black panthers
what shape are a leopards black ros08settes in east africa,circular
is the leopard an old world mammal,yes
is the leopard of the felidae family,yes
is the leopard one of the four big cats,yes
where is the leopard distributed,southern eurasia and africa
where is the leopard distributed,southern eurasia and africa from korea to south africa and spain
how long is a leopards tail,60 to 110cm
how long is a leopards tail,60110cm
how much does a leopard weigh,males are considerably larger than females and weigh 37 to 90 kg compared to 28 to 60 kg for females
how much does a leopard weigh,because of ambiguity  2890kg
does a male leopard weigh more than a female leopard,yes
what is the difference between leopards and cheetahs,the leopard has ros08settes rather than cheetahs simple spots and the leopard is larger and less lanky than the cheetah
what is the difference between leopards and cheetahs,the leopard has ros08settes rather than cheetahs simple spots but they lack internal spots unlike the jaguar the leopard is larger and less lanky than the cheetah but smaller than the jaguar
how does the distribution size of the leopard compare to the distribution of other wild cats,as of 1996 the leopard had the largest distribution of any wild cat although populations before and since have shown a declining trend and are fragmented outside of subsaharan africa
how does the distribution size of the leopard compare to the distribution of other wild cats,the leopard had the largest distribution of any wild cat
what resembles that of the similarlysized cougar in the americas,the leopards ecological role
what was one of the many species described in linnaeuss 18thcentury work systema naturae,felis pardus
what sort of cats are solitary,leopards
are leopards circular,no
is the leopard solitary,yes
what centred in sierra,the leopard men
felis pardus was what,one of the many species described in linnaeuss 18thcentury work systema naturae
has the new zealand rugby league featured the otahuhu leopards and then the tamaki leopards,yes
were the leopard men a west african secret society who practised cannibalism,yes
was the leopard tank a german designed tank which entered service in 1965,yes
is the black color heritable and caused by only one recessive gene locus,yes
is the leopard lrb panthera pardus rrb an old world mammal of the felidae family and the smallest of the four   big cats   of the genus panthera  along with the tiger  lion  and jaguar,yes
can a panther be any of several species of large felid,yes
is the leopard an agile and graceful predator,yes
is liechtenstein bordered by switzerland,yes
is liechtenstein the smallest germanspeaking country in the world,yes
was liechtenstein part of the ancient roman province of raetia,yes
when was the first factory opened,1836
how many municipalities is liechtenstein divided into,11
what is the national currency of liechtenstein,swiss franc
has leichtenstein worked to promote the countys image by prosecuting international moneylaundering,yes
what company administers leichtensteins railways,austrian federal railways
what percentage of liechtensteins population is foreignborn,twothirds
what percentage of liechtensteins population is foreignborn,67
is there an airport in liechtenstein,no
is liechtenstein heavily urbanized,no
is liechtenstein doubly landlocked,yes
does liechtenstein have an army,no
when was liechtensteins current constitution adopted,october 1921
what is the official language of liechtenstein,german
what countries border liechtenstein,switzerland and austria
what roman province was liechtenstein part of,raetia
how many municipalities are within oberland,6
what is the smallest germanspeaking country in the world,liechtenstein
the savings and loans bank was founded as was the first cottonweaving mill in what year,1861
what enjoys one of the worlds highest standards of living,liechtensteins population
does the state court rule on the conformity of laws,yes
what do most recognizable international company and largest employer have in common,they are hilti
was liechtenstein completed in november 2000,no
what completed in november,the kunstmuseum liechtenstein
the state court rules what,on the conformity of laws with the constitution
the historical society of the principality of liechtenstein plays what,a role in preserving the culture and history of the country
is the museum collection also the national art collection of liechtenstein,yes
is there a small heliport at balzers in liechtenstein available for charter helicopter flights,yes
are nationals referred to by the plural  liechtensteiners,yes
is it a winter sports resort  although it is perhaps best known as a tax haven,yes
is it a winter sports resort,yes
is it the smallest germanspeaking country in the world,yes
what happened in moravia  lower austria  silesia  and styria  though in all cases  these territories were held in fief under other more senior feudal lords,the liechtenstein dynasty acquired vast swaths of land
did webster write i can now sleep of nights,yes
was the arrival of louis kossuth exiled leader of a failed hungarian revolution another issue that presented itself during fillmores presidency,yes
did he die at 1110 pm on march 8 1874 of the aftereffects of a stroke,yes
who got seward elected to the senate,weed
who got seward elected to the senate,weed ultimately got seward elected to the senate
where was commodore matthew c perry sent to open japan to western trade,japan
where was commodore matthew c perry sent to open japan to western trade,commodore matthew c perry send to japan
what is the remarkable millard fillmore,a fake biography based on real events that happened in fillmores life
what is the remarkable millard fillmore,in 2007 george pendle wrote the remarkable millard fillmore a fake biography based on real events that happened in fillmores life
did fillmore form a law partnership before or after he founded the private university of buffalo,before
did fillmore form a law partnership before or after he founded the private university of buffalo,law partnership founded before university of buffalo
did fillmore run for president a second time,yes
did fillmore run for president a second time,i dont know semantic ambiguity
how long after the death of his first wife did fillmore marry caroline mcintosh,where is the death date of his first wife
was millard fillmore the thirteenth president of the united states,yes
was millard fillmore born on january 7 1800,yes
did millard fillmore die on march 8 1974,no
where was millard fillmore born,in a log cabin in summerhill new york
to whom was millard fillmore born to,to nathaniel and phoebe millard fillmore
who did millard fillmore fall in love with,he fell in love with abigail powers
who did millard fillmore fall in love with,abigail powers
what did taylor and fillmore disagree upon,slavory issues
what did taylor and fillmore disagree upon,taylor and fillmore disagreed on the slavery issue in the new western territories taken from mexico in the mexicanamerican war
how did fillmore ascend to the presidency,upon the death of the sitting president taylor
how did fillmore ascend to the presidency,official white house portrait of millard fillmorefillmore ascended to the presidency upon the sudden and unexpected death of president taylor in july 1850
how did the supporters of henry clay feel about fillmore in 1848,they were ok with him
how did the supporters of henry clay feel about fillmore in 1848,angry
who was first apprenticed to a fuller to learn the clothmaking trade,millard fillmore
he founded the private university of buffalo on what date,1846
who or what fell in love with abigail powers,millard fillmore
was fillmore one of the founders of the university of buffalo,yes
was another primary objective of fillmore to preserve the union from the intensifying slavery debate,yes
was fillmore the second chancellor a position he maintained while both vice president and president,no
is fillmore the first of two presidents to have been an indentured servant,yes
is the comic strip mallard fillmore named after the president,yes
was fillmore the first us president born after the death of a former president,yes
did fillmore not turn down the honor  explaining that he had neither the  literary nor scientific attainment  to justify the degree,no
what happened in a log cabin in summerhill  new york,fillmore was born
who was born precisely at midnight during an electrical storm  to a serbian family in the village of smiljan near gospić  in the lika region of the croatian krajina in military frontier  part of the austrian empire   in the presentday croatia,nikola tesla
are there at least two films describing tesla s life,yes
have a number of live theatrical plays based on tesla s life been produced and staged worldwide,yes
do sea otters have long muscular tails,no
can otters survive in cold water,yes
does the giant otter inhabit south africa,no
how many species of otter are there,13
what do river otters eat,a variety of fish and shellfish as well as small land mammals and birds
how much do sea otters weigh,30 kg about 65 pounds
how do sea otters insulate themselves,a layer of air trapped in their fur
how do sea otters insulate themselves,as with other species of otter they rely on a layer of air trapped in their fur which they keep topped up by blowing into the fur from their mouths
why are sea otters nearly extinct,theyve been hunted for their fur
why are sea otters nearly extinct,sea otters have some 200000 hairs per square cm of skin a rich fur for which humans hunted them
what is one of the challenges of reestablishing a population of eurasian otters in the uk,roadkill deaths
what is one of the challenges of reestablishing a population of eurasian otters in the uk,roadkill deaths have become one of the significant threats to the success of their reestablishment
is otter a kind of mammal,yes
how many species and genera does otter have,13 species and 7 genera
how many species and genera does otter have,13 species in 7 genera
do otters live in water,yes
what do river otters eat,river otters eat a variety of fish and shellfish as well as small land mammals and birds
where do sea otters live,sea otters enhydra lutris live along the pacific coast of north america
where do sea otters live,the sea otter lives actually in the sea
where does the word otter derive from,the word otter derives from the old english word otr otor or oter
where does the word otter derive from,the word otter derives from the old english word otr otor or oter this and cognate words in other indoeuropean languages ultimately stem from a root which also gave rise to the english words water wet and winter
does otter give birth or lay egg,give birth
what drives sea otter almost to extinction,humans hunted them almost to extinction
what drives sea otter almost to extinction,sea otters have some 200000 hairs per square cm of skin a rich fur for which humans hunted them almost to extinction
why otters are considered as totem animals,the time of year associated with this is also associated with the aquarius sign of the zodiac through which the sun passes january 20february 19
do sea otters live along the pacific coast,yes
are otters totem animals,yes
are otters herbivores,no
what is the primary item in an otters diet,fish
what is an otters den called,holt
why is the giant otter becoming increasingly rare,poaching habitat loss and toxins in gold mining
why is the giant otter becoming increasingly rare,poaching habitat loss and the use of mercury in illegal alluvial gold mining
how do otters keep themselves warm without blubber,a layer of air trapped in their fur
how are otters playful animals,the slide down snowy slopes apparently for sheer enjoyment
how are otters playful animals,they slide repeatedly down snowy slopes for sheer enjoyment
what animals are related to otters,weasels polecats and badgers
what traps a layer of air and keeps them dry and warm under water,long guard hair
the collective noun romp is sometimes used for a group of what,otters
is it true that otters eat a variety of fish,yes
are otters playful animals,yes
are otters very active,yes
are male otters dogotters,yes
an otter s den is what,a holt
sea otters eat what,shellfish and other invertebrates
is the myth of otter s ransom the starting point of the volsunga saga,yes
are male otters dogotters  females are bitches and babies are cubs or pups,yes
is an otter s den called a holt,yes
have most otters fish as the primary item in their diet  supplemented by frogs  crayfish and crabs,yes
do penguins feed on krill,yes
what is the largest living species of penguin,emperor penguin
what is the largest living species of penguin,the emperor penguin aptenodytes forsteri
do penguins live almost exclusively in the southern hemisphere,yes
what is tobogganing,when penguins slide on their bellies across the snow
what is tobogganing,tobogganing is when penguins slide on their bellies across the snow
why are penguins countershaded,for camouflage
are penguins afraid of humans,no
how much time to penguins spend on land,half of their life
how much time to penguins spend on land,they spend half of their life on land
how many species of penguins are there,between 17 and 20 living species
how many species of penguins are there,penguin biodiversity varies between 17 and 20 living species all in the subfamily spheniscinae
how are isabelline penguins different from most penguins,they have brown rather than black plumage
how are isabelline penguins different from most penguins,because they are born with brown rather than black plumage
are penguins birds,yes
do penguins have a better than average sense of hearing for birds,yes
do penguins have a better than average sense of hearing for birds,no
are penguins considered higher waterbirds,yes
what order do penguins belong to,sphenisciformes
what is the largest living species of penguin,emperor
how tall were the tallest prehistoric penguins,180 meters
how tall were the tallest prehistoric penguins,as tall as an adult human
what makes penguins so agile in the water,their wings have become flippers
what makes penguins so agile in the water,smooth plumage preserves a layer of air ensuring buoyancy wings are flippers
why do penguins tobaggan,it conserves energy while moving quickly
why do penguins tobaggan,conserves energy while moving quickly
who spend half of their life on land and half in the oceans,penguins
what is also the distance that antarctic tourists are told to keep from penguins,3 meters
what have become flippers useless for flight in the air,penguins wings
what happens when mothers lose a chick,they sometimes attempt to steal another chick
is it true that each penguin gets a turn in the center,yes
are all penguins countershaded,yes
are penguins astonishingly agile,in the water they are
are penguins at risk,yes
is it also possible that penguin comes from the latin pinguis  fat,yes
have penguins an average sense of hearing for birds,yes
can larger penguins dive deep in case of need,yes
is the smallest penguin species the little blue penguin lrb also known as the fairy penguin rrb  which stands around 40 cm tall lrb 16 in rrb and weighs 1 kg lrb 22 lb rrb,yes
is it not even known whether the gigantic palaeeudyptines constitute a monophyletic lineage  or whether gigantism was evolved independently in a much restricted palaeeudyptinae and the anthropornithinae,it is not even known
is the largest living species the emperor penguin lrb aptenodytes forsteri rrb,yes
is the smallest penguin species the little blue penguin lrb also known as the fairy penguin rrb  which stands around 40 cm tall lrb 16 in rrb and weighs 1 kg lrb 2,yes
what happened in a region not quite 2000 km south of the equator 35 mya,at least one giant penguin
what is the last word on the page,connecticut
what is the last word on the page,ssn22
is polar bear a mammal,yes
is polar bear a carnivore,yes
what is largest polar bear on record,2200 lb
what is largest polar bear on record,a huge male allegedly weighing 1002 kg 2200 lb shot at kotzebue sound in northwestern alaska in 1960
what is polar bears skin color,white or cream
what is polar bears skin color,black
how long is polar bears guard hair,515 cm
what is cause of polar bears skin diseases,mites or other parasites
why polar bear is a special species,the world conservation union listed polar bears as a vulnerable species one of three subcategories of threatened status in may 2006 their latest estimate is that 7 out of 19 subpopulations are declining or already severely reduced
what do fossil and dna evidence tell us,the polar bear diverged from the brown bear about 200 thousand years ago
what do fossil and dna evidence tell us,the polar bear diverged from the brown bear roughly 200 thousand years ago
does a polar bear live in the arctic,yes
is a polar bear white in color,yes
is a polar bear at high risk of extinction,yes
how heavy is a male polar bear,300600 kg 6601320 lb
how heavy is a male polar bear,most adult males weigh 350650 kg
how heavy was the largest polar bear on record,1002 kg 2200 lb
how heavy was the largest polar bear on record,he allegedly weighed 1002 kg
what does a polar bears fur provide,it provides the animal with effective camouflage
what does a polar bears fur provide,a polar bears fur provides camouflage and insulation
do female polar bears weight more than the male,no
how much weight do female polar bears gain during pregnancy,they gain double their weight
how much weight do female polar bears gain during pregnancy,they double their weight during pregnancy
can polar bears be seen under infrared photography,polar bears are nearly invisible under infrared photography
can polar bears be seen under infrared photography,only their breath and muzzles can be easily seen
what is actually black in color,a polar bears skin
what insulate it against the cold,its think blubber and fur
what includes a lengthy justification of why this species is listed as vulnerable,database entry
what do with greenpeace and the natural resources defense council have in common,they filed lawsuits in california
are studies insufficient evidence for global protection,it is arguable
are polar bears excellent swimmers,yes
a semiaquatic marine mammal  the polar bear has what,it has adapted for life on a combination of land sea and ice
garbage is what,garbage is now recycled or transported to thompson manitoba
the bears sometimes what,they sometimes have problems with various skin diseases with dermatitis caused sometimes by mites or other parasites
is the polar bear the mascot of bowdoin college,yes
have thumbpolar bears been made both controversial and famous for their distinctive white fur and their habitat,yes
did mitchell taylor  the nunavut government manager of wildlife research  not write a letter to the us fish and wildlife service arguing that local studies are insufficient evidence for global protection at this time,no
are cubs born in december without awakening the mother,yes
does qatar rank as the eighth richest country in the world per capita,no
do nearly all qataris profess islam,yes
can women legally drive in qatar,yes
when did qatar become an independent state,september 3 1971
where is qatars telecommunication system centered,doha
where did a suicidebombing kill a teacher in 2005,at the doha players theatre
where did a suicidebombing kill a teacher in 2005,doha players theatre
does the native pronunciation of qatar sound like cutter,yes
does the native pronunciation of qatar sound like cutter,no
what is the arabic word for municipalities,baladiyah
what universities are in education city,carnegie mellon university georgetown university school of foreign service texas am university virginia commonwealth university and cornell universitys weill medical college
what universities are in education city,carnegie mellon university georgetown university school of foreign service texas am university virginia commonwealth university and cornell university
what carried with it a tacit recognition of qatars status as distinct from bahrain,the british protectorate per colonel lewis pelly asking to negotiate with a representative from qatar after bahrains violation of the 1820 anglobahraini treaty
qatar became an independent sovereign state in what year,on september 3 1971
what consists of a low barren plain covered with sand,much of the country
how do qatar and the wider region relate,qatar is aiming to become a role model for economic and social transformation in the region large scale investment in all social and economic sectors will also lead to the development of a strong financial market
was qatar university founded in 1973,yes
is qatar bordered by saudi arabia to the south,yes
what bordered by saudi,qatar
who served as the headquarters and one of the main launching sites of the us invasion of iraq in 2003,qatar
has qatar a modern telecommunication system centered in doha,yes
did the qataris not choose as their negotiator the respected entrepreneur and longtime resident of doha  muhammed bin thani,yes
will oil and gas probably remain the backbone of qatar s economy for some time to come,yes
has it been created with a long term perspective to support the development of qatar and the wider region  develop local and regional markets  and strengthen the links between the energy based economies and global financial markets,yes
what happened in these positions in english,these allophones cannot occur there
can these allophones not occur in these positions in english,yes
is rrb  officially the state of qatar lrb arabic   transliterated as dawlat qatar rrb  an arab emirate in southwest asia,yes
does romania border hungary,yes
is romania a secular state,yes
is the president elected by popular vote,yes
how many counties is romania divided into,41
how many counties is romania divided into,fortyone
what is the highest mountain in romania,moldoveanu peak
what is the official language of romania,romanian
is the romanian economy doing well,yes
are there many roma in romania,no
how many territories joined to form romania,2
does romania share a border with ukraine,yes
did romania declare neutrality during world war i,yes
does romania share the same language with moldova,yes
does romania share the same language with moldova,practically
who was the first gymnast to score a perfect ten,nadia comăneci
what is the largest city in romania,bucharest
what is the largest ethnic minority in romania,hungarians
how many countries in europe are bigger than romania,eleven
why doesnt romania have a state religion,romania is a secular state
why wasnt romania neutral during world war ii,it received a soviet ultimatum
why wasnt romania neutral during world war ii,the soviets threatened invasion
sibiu a large city in transylvania was chosen as european capital of culture in what year,2007
what are approximately 42000 years old and have been nicknamed john of anina,the remains the lower jaw of the oldest modern human
is it true that romania has a population of 21698181,yes
what do economy and law have in common,not sure how to answer this
what did tourism in romania attract in 2005,investments worth 400 million euros
is romania a semipresidential unitary state,yes
is romania a semipresidential democratic republic where executive functions are shared between the president and the prime minister,yes
was gellu naum the leader of the surrealist movement in romania,yes
was the bucharest metro only opened in 1979,yes
is romania lrb  rrb a country in southeastern europe,yes
do singaporeans enjoy squid,yes they do
do singaporeans enjoy squid,yes
did singapores standard of living decrease since independence,no the standard living was raised
did singapores standard of living decrease since independence,no
did the media contribute 156 to singapores gdp in 2001,no it contributed 156 to gdp in 2001
did the media contribute 156 to singapores gdp in 2001,no
how many people use the bus network daily,more than 278 million people
how many people use the bus network daily,278 million people
where did orang laut people live,orang laut people lived around the coast rivers and smaller islands
where did orang laut people live,several hundred indigenous orang laut people also lived around the coast rivers and smaller islands
what is the mrt,one of three heavy rail passenger transport lines in singapore
what is the mrt,mass rapid transit system
how is singapores climate characterized,singapore has a tropical rainforest climate with no distinctive seasons
how is singapores climate characterized,its climate is characterized by uniform temperature and pressure high humidity and abundant rainfall
how much increase in the medias contribution to gdp is the government seeking,the government seeks to increase its gdp contribution to 3 by 2012
how many days did it take the imperial japanese army to win the battle of singapore,six days
how many days did it take the imperial japanese army to win the battle of singapore,6 days
is singapore located at the southern tip of the korean penisula,no
is singapore located at the southern tip of the korean penisula,yes
is singapore a citystate,yes
has sang nila utama visited singapore,yes
what does singa mean,lion
when is the first record of s08settlement in singapore,second century ad
when is the first record of s08settlement in singapore,the first records of s08settlement in singapore are from the second century ad
which nation invaded singapore during world war ii,japan
which nation invaded singapore during world war ii,during world war ii the imperial japanese army invaded malaya culminating in the battle of singapore
why churchill called the occupation of singapor by janpan during wwii britains greatest defeat,the british were defeated in six days
was lee kuan yew a successful leader of singapore,yes
when did goh chok tong succeed lee as prime minister,in 1990 goh chok tong succeeded lee as prime minister
what is the primary domestic source of water supply,the primary domestic source of water supply in singapore is rainfall
what is the national language of singapore,the national language of singapore is malay
where is the national orchid garden,singapore botanic gardens
why are relations with malaysia and indonesia important,due to obvious geographical reasons relations with malaysia and indonesia are most important
what is the most densely populated independent country in the world,monaco
who did sir thomas stamford raffles work for,british east india company
when was lee kuan yew prime minister of singapore,1959
what is the punishment for firstdegree murder,there are laws which allow capital punishment in singapore for firstdegree murder and drug trafficking
what established a trading post on the island in 1819,british east india company
what used singapore as a strategic trading post along the spice route,british
what became one of the most important commercial and military centres of the british empire,singapore
who boasted a sizeable community of 100000 by 1869,british india office
how do reservoirs and water relate,by 2001 there were 19 raw water reservoirs 9 treatment works and 14 storage or service reservoirs locally to serve domestic needs
is it true that singapore has several long  standing disputes with malaysia,yes
has singapore changi airport a network of 81 airlines connecting singapore to 185 cities in 58 countries,yes
has singapore a network of reservoirs and water catchment areas,yes
has urbanization eliminated many areas of former primary rainforest  with the only remaining area of primary rainforest being bukit timah nature reserve,yes
does the economy not depend heavily on exports refining imported goods  especially in manufacturing,no
is singapore lrb     rrb  officially the republic of singapore lrb     rrb  an island nation located at the southern tip of the malay peninsula,yes
is singapore the 17th wealthiest country in the world in terms of gdp per capita,no
was thedore roosevelt  a member of the republican party,yes
does theodore roosevelt have a brother,yes
did theodore roosevelt go to harvard,yes
where was theodore roosevelt born,28 east 20th street in the modernday gramercy section of new york city
where was theodore roosevelt born,a fourstory brownstone at 28 east 20th street in the modernday gramercy section of new york city
what did roosevelt do to improve his physical condition,roosevelt took up exercise
what did roosevelt do to improve his physical condition,he started boxing
why did roosevelt start boxing lessons,to deal with bullies
what was the nickname of theodore roosevelts sister anna,bamie as a child and bye as an adult
what was the nickname of theodore roosevelts sister anna,bamie
what was roosevelts justification for supporting desegregation of schools in new york,noting that his children had been educated with other races and there was nothing wrong with it
what was roosevelts justification for supporting desegregation of schools in new york,that his children had been educated with other races and there was nothing wrong with it
how did newspapers respond to roosevelt inviting brooker t washington to dinner at the white house,mixing of the races on social occassions
how did newspapers respond to roosevelt inviting brooker t washington to dinner at the white house,they outraged
did theodore roosevelt study judo,no
did theodore roosevelt study judo,no clue
did roosevelt receive a medal of honor,yes
did roosevelt receive a medal of honor,nein
did roosevelt study biology,yes
did roosevelt study biology,he was strong in biology
where was theodore roosevelt from,gramercy section of new york city
where was theodore roosevelt from,new york city
who was roosevelts presidential hero,lincoln was roosevelts presidential hero
when did roosevelt die,on january 6 1919 roosevelt died in his sleep
who helped to fund roosevelts african safari,financed by andrew carnegie and his own proposed writings
who helped to fund roosevelts african safari,andrew carnegie
did roosevelt support racial integration in schools,yes
did roosevelt support racial integration in schools,he supported a bill allowing school desegregation in new york state
was roosevelts family rich,yes
are turtles ectothermic,yes
does the mother care for the young,no
are turtles pets,yes
what shape are the eggs of the larest species of turtle,spherical
how often do turtles breed,every few years or more
what do all turtles and tortoises breathe,air
how do turtles reproduce,they lay eggs
what has been discovered about turtles organs,they do not gradually break down or become less efficient over time
what has been discovered about turtles organs,they do not break down
what suborder of turtle draws its head into its shell,pleurodira
do sea turtles lay eggs on dry sandy beaches,yes
are pleurodira known as sidenecked turtles,yes
are turtles a part of the flying spaghetti monster,shrug
how many suborders are turtles divided into,three
name a turtle popularly kept as a pet,russian tortoises
name four related articles for the article on turtles,triassic ernst haeckel kunstformen der natur animal
if a turtle egg was kept warm what would likely hatch,a female turtle
what do turles use to breathe in the water,papillae
why are sidenecked turtles called sidenecked turtles,because of the way they withdraw their heads into their shells
why are sidenecked turtles called sidenecked turtles,the way they withdraw their heads into their shells
do turtles lay eggs underwater,no
are turtle eggs leathery and soft,yes
are turtles being examined for longevity genes,yes
what suborder of turtles is extinct,paracryptodira
what do turtle eggs preared to eat consist mainly of,yolk
where do sea turtles lay their eggs,holes dug into the mud or sand
where do sea turtles lay their eggs,holes dug into mud or sand
what is the smallest suborder of turtles,pleurodira
what are turtle eggs covered in when they incubate,mud or sand
what type of creatures breathe air and dont lay eggs underwater,amniotes
what type of creatures breathe air and dont lay eggs underwater,amnoites
what are deposited in holes dug into mud or sand,eggs
what sort of turtles are ectothermic,all of them
are the largest turtles aquatic,yes
is aquatic respiration in australian freshwater turtles being studied,yes
these projections  called papillae  have what,a rich blood supply
the eggs of the largest species are what,spherical
has this inspired genetic researchers to begin examining the turtle genome for longevity genes,yes
can turtles take many years to reach breeding age,yes
are immature sea turtles not cared for by the adults,yes
are the pleurodira sometimes known as the sidenecked turtles  a reference to the way they withdraw their heads into their shells,yes
does the order testudines not include both extant lrb living rrb and extinct species  the earliest known turtles being from around 215 million years ago,yes
was ulysses grant a general in the american civil war,yes
was grants fatherinlaw a democrat,yes
was grants fatherinlaw a democrat,yup
did ulysses win the battle of champion hill,yes
did ulysses win the battle of champion hill,you betcha
who was grants brother in law,fred dent
where was grant born,point pleasant ohio
where was grant born,a log cabin in point pleasant clermont county ohio
what was grants political affiliation,republican
why did grant say damn i had nothing to do with this batte,it went well
why did grant say damn i had nothing to do with this batte,because the generals under him acted on their own
did horace greenley lose in the presidential elections of 1872,yes
did horace greenley lose in the presidential elections of 1872,si
why did grant think that war was unjust,he thought it was designed to gain land open to slavery
why did grant think that war was unjust,he accepted the theory that it was designed to gain land open to slavery
who achieved international fame as the leading union general in the american civil war,grant
grant was elected president as a republican in what year,1868
who took a hard line that reduced violence by groups like the ku klux klan,grant
when did he vote for democrat james buchanan,1856
who did president lincoln promote of major general in the regular army effective july 4,grant
was grant elected president as a republican,yes
what was from pennsylvania,his father
was it a twosentence description that completely caught the essence of ulysses s grant,yes
was grant s favorite brand of bourbon whiskey old crow,yes
had he smoked only sporadically,yes
did grant  perkins not sell harnesses  saddles  and other leather goods and purchase hides from farmers in the prosperous galena area,they did
is the famous dragon gate at the entrance to the district at the corner of grant and bush street,yes
what happened in 1865,he accepted the surrender of robert e lee
what happened in recent years,his reputation as president has improved
is uruguay located in the northwesten part of africa,no
is uruguays capital montevideo,yes
does uruguay have cold summers,no
who founded montevideo,the spanish
where is uruguays oldest church,san carlos maldonado
who heavily influenced the architecture and culture of montevideo,european immigrants
what are poor neighborhoods called informally,cantegriles
is uruguays landscape mountainous,no
is uruguays landscape mountainous,not really
what religion do most uruguayans profess,none
what religion do most uruguayans profess,roman catholic
is uruguay located in south america,yes its located in the southeastern part
is uruguay located in south america,yes
can citizens propose changes to the constitution,yes people are allowed to challenge laws
can citizens propose changes to the constitution,yes
did uruguay host the first ever world cup,yes in 1930
did uruguay host the first ever world cup,yes
who founded montevideo,by the spanish in the early 18th century
who founded montevideo,montevideo was founded by the spanish in the early 18th century as a military stronghold
how many square kilometres of continental land is uruguay,176215 km��
how many square kilometres of continental land is uruguay,176214 square kilometres
how much of the population is of white european descent,88
how much of the population is of white european descent,approximately 88 of its population are of prevalently white european descent
why was the capital of uruguay founded,for a military stronghold
why was the capital of uruguay founded,uruguays capital montevideo was founded by the spanish in the early 18th century as a military stronghold
how many times has uruguay won the world cup,twice
how many times has uruguay won the world cup,on two or more occasions
how much is the average income of an african woman compared to a european man,african women earns 065  0718   4667 of a european man earns in average
does uruguay recognize samesex civil unions,yes
does uruguay border french guiana,no
is uruguays warmest month june,no
what does a citizen use to propose changes to the constitution,referendum
what does a citizen use to propose changes to the constitution,plebiscite
what religions are found in uruguay,roman catholic protestant jewish and nonprofessing
what religions are found in uruguay,roman catholic protestant jewish
what has uruguay done to be competitive in agriculture,labeling as natural or ecological
what has uruguay done to be competitive in agriculture,use low inputs of labour technology and capital which results in lower yields but also opens the door for uruguay to market its products as natural or ecological
what are the names of uruguays political parties,partido colorado and partido blanco
what are the names of uruguays political parties,partido blanco and partido colorado
is uruguay the smallest soverign nation in south america,no
what was founded by the spanish in the early 18th century as a military stronghold,montevideo
what has many possible meanings,what
how do india and latin america relate,uruguay exports architectural services to india and latin america
what did uruguay win in 1828,its independence
is uruguay very common,no
is the climate in uruguay temperate,yes
is the main sport in uruguay football,yes
is uruguay s oldest church in san carlos  maldonado,yes
is uruguay a member of the cairns group of exporters of agricultural products,yes
is it widely considered the most secular nation in latin america,yes
is it the second smallest independent country in south america  larger only than suriname and the french overseas department of french guiana,yes
is it a constitutional democracy  where the president fulfills the roles of both head of state and head of government,yes
was woodrow wilson the thirtieth president of the united states,no
did woodrow wilson create the league of nations,yes
did the us join the league of nations,no
where was the league of nations created,paris
when was woodrow wilson born,december 28 1856
who was president when wilson finished congressional government,grover cleveland
what field did woodrow wilson leave law practice to study,history and political science
what field did woodrow wilson leave law practice to study,government
what caused wilson to ask congress to declare war on the central powers,german began unrestricted submarine warfare
what caused wilson to ask congress to declare war on the central powers,world war i
what was more damaging than moving students into colleges,his confrontation with andrew fleming west
was wilson a member of the phi kappa psi fraternity,yes
was wilson a member of the phi kappa psi fraternity,totallyt
was wilson an automobile enthusiast,yes
was wilson an automobile enthusiast,ouai
did wilsons father own slaves,yes
did wilsons father own slaves,yeah
where is wilson buried,he was buried in washington national cathedral
where is wilson buried,washington national cathedral
where did wilson attend law school,wilson attended law school at university of virginia
where did wilson attend law school,university of virginia
where was woodrow wilson born,woodrow wilson was born in staunton virginia
where was woodrow wilson born,staunton virginia
did wilson support desegregation,no
did wilson support desegregation,not in the slightest
did wilson support the committee system,no
did wilson have any siblings,yes
what was scotsirish and scottish,his ancestry
what defended slavery owned slaves and s08set up a sunday school for them,his father
who did wilson win in 1917,irish americans
was wilson awarded the 1919 nobel peace prize,yes
was wilson a remarkably effective writer and thinker,yes
what lived in columbia,wilson
was wilson president of the american political science association in 1910,yes
did he not cast his ballot for john m palmer  the presidential candidate of the national democratic party  or gold democrats  a shortlived party that supported a gold standard  low tariffs  and limited government,yes
did wilson not spend 1914 through the beginning of 1917 trying to keep america out of the war in europe,yes
was wilson  a staunch opponent of antisemitism  sympathetic to the plight of jews  especially in poland and in france,yes
what happened in 1917,raised billions through liberty loans imposed an income tax s08set up the war industries board promoted labor union growth supervised agriculture and food production through the lever act took over control of the railroads and suppressed antiwar movements
